Object,Category,Description,Implemented,Priority,Notes,
# --- Core Syntax ---,,,,,,
+,Core Syntax,Addition operator,Yes,1,src/autodiff_node.cpp — full AD support,
-,Core Syntax,Subtraction operator,Yes,1,src/autodiff_node.cpp — full AD support,
*,Core Syntax,Multiplication operator,Yes,1,src/autodiff_node.cpp — full AD support,
/,Core Syntax,Division operator,Yes,1,src/autodiff_node.cpp — full AD support,
^,Core Syntax,Exponentiation operator,Yes,1,src/autodiff_node.cpp — full AD support,
- (unary),Core Syntax,Unary negation,Yes,1,src/autodiff_node.cpp,
= (equation),Core Syntax,Equation definition (LHS = RHS),Yes,1,Parser creates Equation AST node,
:= (assignment),Core Syntax,Procedural assignment,Yes,1,Parser creates Assignment AST node inside FUNCTION/PROCEDURE,
Quoted comment,Core Syntax,"Display comment ""...""",Yes,1,src/parser.cpp — three comment styles,
{Brace comment},Core Syntax,"Hidden comment {...}, supports nesting",Yes,1,src/parser.cpp,
// Line comment,Core Syntax,C-style line comment,Yes,2,Not standard EES, CoolSolve extension
Variable naming,Core Syntax,"Case-insensitive for keywords, case-preserving for variables",Yes,1,src/parser.cpp,
X[i] (array subscript),Core Syntax,1-D array subscript,Yes,1,Variable AST node supports indices,
"X[i,j] (2-D array)",Core Syntax,2-D array subscript,Yes,2,Variable AST node supports multiple indices,
var$ (string variable),Core Syntax,String variable (dollar suffix),Yes,1,src/parser.cpp recognizes $ variables,
"Units annotation ""[unit]""",Core Syntax,"Unit annotation on values/equations, e.g. T = 300 [K]",Yes,1,Equation AST node stores optional unit string,
Number literals,Core Syntax,"Integer, float, and scientific notation (1e5, 3.14, -2.5E-3)",Yes,1,PEG grammar NumericLiteral rule,
String literals,Core Syntax,Single-quoted string literals for fluid names etc.,Yes,1,src/parser.cpp,
# --- Comparison & Logical Operators ---,,,,,,
< (less than),Operators,Less-than comparison,Yes,1,Used in IF conditions inside FUNCTION/PROCEDURE,
> (greater than),Operators,Greater-than comparison,Yes,1,Used in IF conditions,
<= (less or equal),Operators,Less-than-or-equal comparison,Yes,1,Used in IF conditions,
>= (greater or equal),Operators,Greater-than-or-equal comparison,Yes,1,Used in IF conditions,
= (equality test),Operators,Equality comparison in IF conditions,Yes,1,Context-dependent: equation vs comparison,
<> (not equal),Operators,Not-equal comparison,Yes,1,Used in IF conditions,
AND,Operators,Logical AND,Yes,1,Used in IF conditions,
OR,Operators,Logical OR,Yes,1,Used in IF conditions,
NOT,Operators,Logical NOT,Yes,1,Used in IF conditions,
# --- Control Flow ---,,,,,,
IF-THEN-ELSE,Control Flow,Conditional execution in procedural blocks,Yes,1,src/parser.cpp + IfThenElse AST node,
IFNOT-THEN-ELSE,Control Flow,Negated conditional execution,Yes,1,Variation of IF-THEN-ELSE,
"IF(cond, true_val, false_val)",Control Flow,Inline conditional function (expression-level),Yes,1,src/autodiff_node.cpp — 3-arg IF function, cond>0 returns true_val
"IF$(cond, true$, false$)",Control Flow,Inline conditional for string variables,No,3,String version of inline IF,
REPEAT-UNTIL,Control Flow,Loop that repeats until condition is true,Yes,1,src/parser.cpp + evaluator.cpp — REPEAT body UNTIL(condition) with max 10000 iterations,
DUPLICATE i=1:N,Control Flow,"Array loop construct DUPLICATE i=1,N ... END",Yes,1,src/parser.cpp + evaluator.cpp — parsed and executed in procedural blocks,
GOTO,Control Flow,Jump to a labelled statement,No,3,Rarely needed, some legacy EES code uses it
Statement labels,Control Flow,Numeric labels for GOTO targets (e.g. 100: ...),No,3,Used with GOTO,
CASE,Control Flow,CASE/OF/ENDCASE multi-branch conditional,No,3,Occasionally used in EES procedures,
# --- User Functions & Procedures ---,,,,,,
FUNCTION...END,Functions & Procedures,User-defined function with RETURN value,Yes,1,src/parser.cpp — FunctionDefinition AST node,
PROCEDURE...END,Functions & Procedures,User-defined procedure with multiple outputs (CALL name(in : out)),Yes,1,src/parser.cpp — ProcedureDefinition AST node,
CALL,Functions & Procedures,Invoke a procedure: CALL name(inputs : outputs),Yes,1,src/parser.cpp — ProcedureCall AST node,
RETURN,Functions & Procedures,Return value from FUNCTION/exit PROCEDURE,No,3,Implicit return at end of function body,
ERROR procedure,Functions & Procedures,Raise a runtime error with message (ERROR 'msg'),No,2,EES built-in for error handling in procedures,
WARNING procedure,Functions & Procedures,Display warning without halting (WARNING 'msg'),No,3,EES built-in for user warnings,
MODULE...END,Functions & Procedures,Module definition (group of equations),No,3,"Parser detects keyword, raises 'not yet handled'",
SUBPROGRAM...END,Functions & Procedures,Subprogram definition,No,3,"Parser detects keyword, raises 'not yet handled'",
$Common,Functions & Procedures,Share variables between main program and subprograms,No,5,EES directive for variable sharing,
$Private,Functions & Procedures,Hide variables from main variable list,No,3,EES directive for encapsulation,
External Functions (.DLF),Functions & Procedures,Call external DLL/shared-library functions,No,4,EES-specific DLL interface,
External Procedures (.DLP/.FDL),Functions & Procedures,Call external DLL/shared-library procedures,No,4,EES-specific DLL interface,
$Include,Functions & Procedures,Include external EES library file,No,4,File inclusion / library system,
Print,Functions & Procedures,Print output from procedures,No,3,EES built-in procedure,
Calling Python from EES,Functions & Procedures,Execute Python code from EES via $Python,No,4,EES-specific integration,
# --- Mathematical Functions: Trigonometric ---,,,,,,
SIN,Math — Trigonometric,Sine (input in degrees),Yes,1,src/autodiff_node.cpp — degrees convention with AD,
COS,Math — Trigonometric,Cosine (input in degrees),Yes,1,src/autodiff_node.cpp — degrees convention with AD,
TAN,Math — Trigonometric,Tangent (input in degrees),Yes,1,src/autodiff_node.cpp — degrees convention with AD,
ARCSIN,Math — Trigonometric,Inverse sine (output in degrees),Yes,1,src/autodiff_node.cpp — aliases: asin/arcsin,
ARCCOS,Math — Trigonometric,Inverse cosine (output in degrees),Yes,1,src/autodiff_node.cpp — aliases: acos/arccos,
ARCTAN,Math — Trigonometric,Inverse tangent (output in degrees),Yes,1,src/autodiff_node.cpp — aliases: atan/arctan,
ARCTAN2,Math — Trigonometric,"Two-argument arctangent atan2(y,x) (output in degrees)",Yes,1,src/autodiff_node.cpp — quadrant-aware,
# --- Mathematical Functions: Hyperbolic ---,,,,,,
SINH,Math — Hyperbolic,Hyperbolic sine,Yes,1,src/autodiff_node.cpp with AD,
COSH,Math — Hyperbolic,Hyperbolic cosine,Yes,1,src/autodiff_node.cpp with AD,
TANH,Math — Hyperbolic,Hyperbolic tangent,Yes,1,src/autodiff_node.cpp with AD,
ARCSINH,Math — Hyperbolic,Inverse hyperbolic sine,Yes,1,src/autodiff_node.h + .cpp — full AD with derivative 1/sqrt(x²+1),
ARCCOSH,Math — Hyperbolic,Inverse hyperbolic cosine,Yes,1,src/autodiff_node.h + .cpp — full AD with derivative 1/sqrt(x²-1),
ARCTANH,Math — Hyperbolic,Inverse hyperbolic tangent,Yes,1,src/autodiff_node.h + .cpp — full AD with derivative 1/(1-x²),
# --- Mathematical Functions: Logarithmic & Exponential ---,,,,,,
EXP,Math — Log/Exp,Natural exponential e^x,Yes,1,src/autodiff_node.cpp with AD,
LN,Math — Log/Exp,Natural logarithm,Yes,1,src/autodiff_node.cpp — aliases: ln/log,
LOG10,Math — Log/Exp,Base-10 logarithm,Yes,1,src/autodiff_node.cpp with AD,
SQRT,Math — Log/Exp,Square root,Yes,1,src/autodiff_node.cpp with AD,
# --- Mathematical Functions: Rounding & Sign ---,,,,,,
ABS,Math — Rounding,Absolute value,Yes,1,src/autodiff_node.cpp with AD,
CEIL,Math — Rounding,Ceiling (smallest integer >= x),Yes,1,src/autodiff_node.cpp — std::ceil with zero gradient,
FLOOR,Math — Rounding,Floor (largest integer <= x),Yes,1,src/autodiff_node.cpp — std::floor with zero gradient,
ROUND,Math — Rounding,Round to nearest integer (or specified decimals),Yes,1,src/autodiff_node.cpp — std::round with zero gradient,
TRUNC,Math — Rounding,Truncate toward zero,Yes,1,src/autodiff_node.cpp — std::trunc with zero gradient,
SIGN,Math — Rounding,Sign function: -1/0/+1,Yes,1,src/autodiff_node.cpp — returns -1/0/+1 with zero gradient,
MOD,Math — Rounding,"Modulo (remainder), MOD(a,b)",Yes,1,src/autodiff_node.cpp — std::fmod with zero gradient,
# --- Mathematical Functions: Power ---,,,,,,
POW,Math — Power,"Power function pow(x,y) = x^y",Yes,1,src/autodiff_node.cpp — equivalent to ^ operator,
# --- Mathematical Functions: Aggregation ---,,,,,,
MIN,Math — Aggregation,"Minimum of arguments min(a,b,...)",Yes,1,src/autodiff_node.cpp — variadic,
MAX,Math — Aggregation,"Maximum of arguments max(a,b,...)",Yes,1,src/autodiff_node.cpp — variadic,
SUM,Math — Aggregation,"Sum of array elements SUM(X[i], i=1,N)",Yes,1,src/autodiff_node.cpp — variadic sum with AD support,
SUM2D,Math — Aggregation,"2-D sum over array SUM2D(X[i,j], i=1,N, j=1,M)",Yes,1,src/autodiff_node.cpp — aliases to SUM (arrays are flattened),
AVERAGE,Math — Aggregation,Average of array elements,Yes,1,src/autodiff_node.cpp — variadic mean with AD support,
PRODUCT,Math — Aggregation,Product of array elements,Yes,1,src/autodiff_node.cpp — variadic product with AD support,
STDDEV,Math — Aggregation,Standard deviation of array elements,Yes,1,src/autodiff_node.cpp — population stddev with AD support,
# --- Mathematical Functions: Special ---,,,,,,
ERF,Math — Special,Error function erf(x),Yes,2,src/autodiff_node.cpp — full AD support,
ERFC,Math — Special,Complementary error function 1-erf(x),Yes,2,src/autodiff_node.cpp — full AD support,
GAMMA_,Math — Special,Gamma function Γ(x),No,3,Rarely used in typical models,
FACTORIAL,Math — Special,Factorial n!,No,3,Rarely used,
PROBABILITY,Math — Special,Normal distribution probability P(x<z),No,3,Statistical function,
CHI_SQUARE,Math — Special,Chi-square distribution,No,4,Statistical function,
STUDENTS_T,Math — Special,Student's t-distribution,No,4,Statistical function,
Heaviside,Math — Special,"Heaviside step function H(x): 0 if x<0, 1 if x>=0",No,3,Used in piecewise models,
STEP,Math — Special,"Step function STEP(x, x0): 0 if x<x0, 1 otherwise",No,3,Variant of Heaviside,
SQUAREWAVE,Math — Special,"Square wave function, not in EES math list but referenced",No,4,Rarely used,
# --- Mathematical Functions: Bessel ---,,,,,,
BESSEL_I0,Math — Bessel,Modified Bessel function of the 1st kind order 0,No,3,Heat transfer in cylindrical geometries,
BESSEL_I1,Math — Bessel,Modified Bessel function of the 1st kind order 1,No,3,,
BESSEL_J0,Math — Bessel,Bessel function of the 1st kind order 0,No,3,,
BESSEL_J1,Math — Bessel,Bessel function of the 1st kind order 1,No,3,,
BESSEL_K0,Math — Bessel,Modified Bessel function of the 2nd kind order 0,No,3,,
BESSEL_K1,Math — Bessel,Modified Bessel function of the 2nd kind order 1,No,3,,
BESSEL_Y0,Math — Bessel,Bessel function of the 2nd kind order 0,No,3,,
BESSEL_Y1,Math — Bessel,Bessel function of the 2nd kind order 1,No,3,,
BESSELI,Math — Bessel,"Modified Bessel 1st kind, general order BESSELI(n,x)",No,3,,
BESSELJ,Math — Bessel,"Bessel 1st kind, general order BESSELJ(n,x)",No,3,,
BESSELK,Math — Bessel,"Modified Bessel 2nd kind, general order BESSELK(n,x)",No,3,,
BESSELY,Math — Bessel,"Bessel 2nd kind, general order BESSELY(n,x)",No,3,,
# --- Mathematical Functions: Complex Numbers ---,,,,,,
REAL,Math — Complex,Real part of complex number,No,3,$Complex ON required in EES,
IMAG,Math — Complex,Imaginary part of complex number,No,3,,
CONJ,Math — Complex,Complex conjugate,No,3,,
MAGNITUDE,Math — Complex,Complex magnitude |z|,No,3,,
CIS,Math — Complex,cis(θ) = cos(θ) + i·sin(θ),No,3,,
ANGLE,Math — Complex,Angle/argument of complex number,No,3,,
ANGLEDEG,Math — Complex,Angle in degrees,No,3,,
ANGLERAD,Math — Complex,Angle in radians,No,3,,
$Complex ON/OFF,Math — Complex,Enable/disable complex number mode,No,3,EES directive,
# --- Mathematical Functions: Random ---,,,,,,
RANDOM,Math — Random,"Uniform random number in [0,1)",No,3,,
RANDG,Math — Random,"Gaussian random with mean,stddev",No,3,,
# --- Mathematical Functions: Conversion ---,,,,,,
CONVERT,Math — Conversion,"Unit conversion CONVERT('from','to'), e.g. CONVERT(kJ,BTU)",Yes,1,src/evaluator.cpp — tries all UnitTypes to find conversion factor,
CONVERTTEMP,Math — Conversion,"Temperature conversion CONVERTTEMP('from','to',value)",Yes,1,src/evaluator.cpp — converts via UnitConverter toSI/fromSI,
UNITSYSTEM,Math — Conversion,Returns current unit system setting as a number,No,3,Used for unit-aware calculations,
# --- Mathematical Functions: Interpolation ---,,,,,,
INTERPOLATE,Math — Interpolation,"Interpolate in a Lookup table: INTERPOLATE('table','col1','col2',val)",No,3,Requires Lookup table support,
INTERPOLATE1,Math — Interpolation,1-D interpolation variant,No,3,,
INTERPOLATE2,Math — Interpolation,2-D interpolation variant,No,3,,
INTERPOLATE2DM,Math — Interpolation,2-D matrix interpolation,No,3,,
# --- Mathematical Functions: Differentiation ---,,,,,,
DIFFERENTIATE,Math — Differentiation,Numerical differentiation from table data,No,3,,
DIFFERENTIATE1,Math — Differentiation,1-D differentiation variant,No,3,,
DIFFERENTIATE2,Math — Differentiation,2-D differentiation variant,No,3,,
# --- Mathematical Functions: Integration ---,,,,,,
INTEGRAL,Math — Integration,"Numerical integration: INTEGRAL(expr, var, start, stop)",No,4,Used for transient/dynamic EES models,
INTEGRALVALUE,Math — Integration,Retrieve stored integral value,No,4,,
# --- Mathematical Functions: Curve Fitting ---,,,,,,
CURVEFIT1D,Math — Curve Fitting,1-D curve fit to Lookup table data,No,3,,
CURVEFIT1DT,Math — Curve Fitting,1-D curve fit with table specification,No,3,,
LinearRegression,Math — Curve Fitting,Linear regression on data,No,3,,
# --- Mathematical Functions: Lookup Table ---,,,,,,
LOOKUP,Math — Lookup Table,Look up a value from a Lookup table by row and column,No,3,Requires Lookup table infrastructure,
LOOKUP$,Math — Lookup Table,Look up a string value from Lookup table,No,3,,
LOOKUP$ROW,Math — Lookup Table,Look up row by string match,No,3,,
LOOKUPCOL,Math — Lookup Table,Look up column number by name,No,3,,
LOOKUPCOL1,Math — Lookup Table,Look up column number variant,No,3,,
LOOKUPCOLNAME$,Math — Lookup Table,Get column name from Lookup table,No,3,,
LOOKCOLNUMBER,Math — Lookup Table,Get column number,No,3,,
LOOKUPCELLEMPTY,Math — Lookup Table,Check if Lookup cell is empty,No,3,,
TABLEVALUE,Math — Lookup Table,Get/set value in Parametric or Lookup table,No,3,,
NLOOKUPROWS,Math — Lookup Table,Number of rows in Lookup table,No,3,,
NLOOKUPCOLUMNS,Math — Lookup Table,Number of columns in Lookup table,No,3,,
SUMLOOKUP,Math — Lookup Table,Sum of a Lookup table column,No,3,,
AVGLOOKUP,Math — Lookup Table,Average of a Lookup table column,No,3,,
MAXLOOKUP,Math — Lookup Table,Maximum of a Lookup table column,No,3,,
MINLOOKUP,Math — Lookup Table,Minimum of a Lookup table column,No,3,,
STDDEVLOOKUP,Math — Lookup Table,Standard deviation of a Lookup table column,No,4,,
# --- Mathematical Functions: Parametric Table ---,,,,,,
SUMPARAMETRIC,Math — Parametric Table,Sum of a Parametric table column,No,3,,
AVGPARAMETRIC,Math — Parametric Table,Average of a Parametric table column,No,3,,
MAXPARAMETRIC,Math — Parametric Table,Maximum of a Parametric table column,No,3,,
MINPARAMETRIC,Math — Parametric Table,Minimum of a Parametric table column,No,3,,
STDDEVPARAMETRIC,Math — Parametric Table,Standard deviation of a Parametric table column,No,4,,
NPARAMETRICROWS,Math — Parametric Table,Number of rows in Parametric table,No,3,,
NPARAMETRICCOLUMNS,Math — Parametric Table,Number of columns in Parametric table,No,3,,
# --- Mathematical Functions: Array Info ---,,,,,,
NARRAYROWS,Math — Array,Number of rows in an array,No,3,Useful with DUPLICATE,
NARRAYCOLUMNS,Math — Array,Number of columns in an array,No,3,,
# --- Mathematical Functions: Vectors ---,,,,,,
VectorAssign,Math — Vector,Assign components to a 3-D vector,No,4,EES $Vector system,
VectorAssignPolar,Math — Vector,Assign polar/spherical components,No,4,,
VectorAngle_x,Math — Vector,Angle of vector with x-axis,No,4,,
VectorAngle_y,Math — Vector,Angle of vector with y-axis,No,4,,
VectorAngle_z,Math — Vector,Angle of vector with z-axis,No,4,,
VectorCross,Math — Vector,Cross product of two vectors,No,4,,
VectorCross_i,Math — Vector,i-component of cross product,No,4,,
VectorCross_j,Math — Vector,j-component of cross product,No,4,,
VectorCross_k,Math — Vector,k-component of cross product,No,4,,
VectorDot,Math — Vector,Dot product of two vectors,No,4,,
VectorMag,Math — Vector,Magnitude of a vector,No,4,,
VectorUnit_i,Math — Vector,i-component of unit vector,No,4,,
VectorUnit_j,Math — Vector,j-component of unit vector,No,4,,
VectorUnit_k,Math — Vector,k-component of unit vector,No,4,,
VectorZeros,Math — Vector,Zero vector,No,4,,
# --- Mathematical Functions: Miscellaneous ---,,,,,,
PI,Math — Misc,Pi constant (3.14159...),Yes,1,src/autodiff_node.cpp — returned as ADValue,
LMTD_F,Math — Misc,"Log-mean temperature difference LMTD = (DT1-DT2)/ln(DT1/DT2)",Yes,2,"src/autodiff_node.cpp — smooth limit at DT1=DT2, full AD",
BAROMETRICPRESSURE,Math — Misc,Barometric pressure at given altitude,No,3,,
LOOP#,Math — Misc,Current loop iteration number in Parametric table,No,3,,
TABLERUN#,Math — Misc,Current table run number,No,3,,
NFILEROWS,Math — Misc,Number of rows in a data file,No,3,,
FILEEXISTS,Math — Misc,Check whether a file exists (returns 0 or 1),No,4,,
UNCERTAINTYOF,Math — Misc,Propagated uncertainty of a variable,No,4,EES uncertainty analysis feature,
DIAGRAMHEIGHT#,Math — Misc,Height of the Diagram window in pixels,No,5,EES GUI-specific,
DIAGRAMWIDTH#,Math — Misc,Width of the Diagram window in pixels,No,5,EES GUI-specific,
PIXELSPERINCH#,Math — Misc,Screen resolution,No,5,EES GUI-specific,
GETDIAGRAMATTRIBUTE,Math — Misc,Get attribute of a Diagram window object,No,5,EES GUI-specific,
DATE,Math — Misc,Current date as a number,No,4,,
TIME,Math — Misc,Current time as a number,No,4,,
TIMESTAMP,Math — Misc,Current timestamp,No,4,,
NWINDOWTABS,Math — Misc,Number of window tabs,No,5,EES GUI-specific,
# --- Mathematical Functions: Plot ---,,,,,,
PLOTCOORD,Math — Plot,Get coordinates from a plot,No,5,EES GUI-specific,
PLOTSCALEMIN,Math — Plot,Minimum value of a plot axis,No,5,EES GUI-specific,
PLOTSCALEMAX,Math — Plot,Maximum value of a plot axis,No,5,EES GUI-specific,
POLARTORECT,Math — Plot,Convert polar to rectangular coordinates,No,4,,
RGB,Math — Plot,"RGB color value RGB(r,g,b)",No,5,EES GUI-specific,
# --- Mathematical Functions: Error/Warning ---,,,,,,
ERROR,Math — Error/Warning,Raise error and stop: ERROR 'message',No,2,Also listed under Procedures,
WARNING,Math — Error/Warning,Display warning: WARNING 'message',No,3,Also listed under Procedures,
# --- String Functions ---,,,,,,
CONCAT$,String Functions,"Concatenate strings: CONCAT$('a','b')",No,3,,
COPY$,String Functions,"Copy substring: COPY$(s$, start, count)",No,3,,
DELETE$,String Functions,"Delete substring: DELETE$(s$, start, count)",No,3,,
INSERT$,String Functions,"Insert string: INSERT$(source$, target$, pos)",No,3,,
REPLACE$,String Functions,"Replace substring: REPLACE$(s$, old$, new$)",No,3,,
TRIM$,String Functions,Remove leading/trailing whitespace,No,3,,
LOWERCASE$,String Functions,Convert to lowercase,No,3,,
UPPERCASE$,String Functions,Convert to uppercase,No,3,,
STRING$,String Functions,Convert number to string,Yes,2,src/evaluator.cpp — string-valued function handler,
STRINGVAL,String Functions,Convert string to number,Yes,2,src/evaluator.cpp — evaluateFunctionCall,
STRINGLEN,String Functions,Length of a string,No,3,,
STRINGPOS,String Functions,Position of substring in string,No,3,,
CHR$,String Functions,Character from ASCII code,No,4,,
DATE$,String Functions,Current date as string,No,4,,
DATETIME$,String Functions,Current date and time as string,No,4,,
TIME$,String Functions,Current time as string,No,4,,
TIMESTAMP$,String Functions,Current timestamp as string,No,4,,
EESFILEDIR$,String Functions,Directory of current EES file,No,4,EES-specific path function,
EESFILENAME$,String Functions,Name of current EES file,No,4,,
EESPROGRAMDIR$,String Functions,EES program installation directory,No,5,EES-specific,
SHORTFILENAME$,String Functions,Short (8.3) file name,No,5,Windows-specific,
UNITSOF$,String Functions,Get units string of a variable,No,3,,
UNITSYSTEM$,String Functions,Current unit system as string,No,3,,
FLUIDTYPE$,String Functions,Type of a fluid (real/ideal/incomp),No,3,,
PHASE$,String Functions,"Phase of fluid at given state (liquid, vapor, two-phase, etc.)",Yes,2,"src/evaluator.cpp — evaluateString handles PHASE$ via AbstractState::phase()"
LOOKUP$,String Functions,Look up string from Lookup table,No,3,Requires Lookup table,
LOOKUPCOLNAME$,String Functions,Get column name from Lookup table,No,3,,
LOOKUPCOLUNITS$,String Functions,Get column units from Lookup table,No,3,,
LOOKUPTABNAME$,String Functions,Get Lookup table name,No,3,,
LOOKUP$ROW,String Functions,Look up row by string key,No,3,,
TABLENAME$,String Functions,Get Parametric table name,No,4,,
TABLETABNAME$,String Functions,Get table tab name,No,4,,
PLOTTABNAME$,String Functions,Get plot tab name,No,5,EES GUI-specific,
CHANGEFILEDIR$,String Functions,Change directory part of file path,No,4,,
CHANGEFILEEXT$,String Functions,Change file extension,No,4,,
USERLIBDIR$,String Functions,User library directory path,No,5,EES-specific,
EES_REFPROP_DATE$,String Functions,Date of REFPROP data,No,5,REFPROP-specific,
# --- Thermophysical Functions: Core ---,,,,,,
ENTHALPY,Thermophysical,Specific enthalpy [J/kg],Yes,1,"src/evaluator.cpp — CoolProp HEOS backend, aliases: h",
ENTROPY,Thermophysical,Specific entropy [J/(kg·K)],Yes,1,"src/evaluator.cpp, aliases: s",
TEMPERATURE,Thermophysical,Temperature [K or °C],Yes,1,"src/evaluator.cpp, aliases: t",
PRESSURE,Thermophysical,Pressure [Pa],Yes,1,"src/evaluator.cpp, aliases: p",
DENSITY,Thermophysical,Mass density [kg/m³],Yes,1,"src/evaluator.cpp, aliases: rho, d",
VOLUME,Thermophysical,Specific volume [m³/kg] (= 1/density),Yes,1,"src/evaluator.cpp, aliases: v",
QUALITY,Thermophysical,"Vapor quality (mass fraction of vapor) [0,1]",Yes,1,"src/evaluator.cpp, aliases: x, q",
CP,Thermophysical,Constant-pressure specific heat [J/(kg·K)],Yes,1,"src/evaluator.cpp, aliases: specificheat, c_p",
CV,Thermophysical,Constant-volume specific heat [J/(kg·K)],Yes,1,"src/evaluator.cpp, aliases: c_v",
INTENERGY,Thermophysical,Specific internal energy [J/kg],Yes,1,"src/evaluator.cpp, aliases: u, internalenergy",
SPECHEAT,Thermophysical,Alias for CP,Yes,1,"src/evaluator.cpp, aliases: c",
# --- Thermophysical Functions: Transport ---,,,,,,
VISCOSITY,Thermophysical,Dynamic viscosity [Pa·s],Yes,1,"src/evaluator.cpp, aliases: mu",
CONDUCTIVITY,Thermophysical,Thermal conductivity [W/(m·K)],Yes,1,"src/evaluator.cpp, aliases: k, l",
PRANDTL,Thermophysical,Prandtl number (dimensionless),Yes,1,src/evaluator.cpp,
SOUNDSPEED,Thermophysical,Speed of sound [m/s],Yes,1,"src/evaluator.cpp, aliases: speed_of_sound, a",
KINEMATICVISCOSITY,Thermophysical,Kinematic viscosity ν = μ/ρ [m²/s],Yes,2,"src/evaluator.cpp — derived from viscosity/density in AD space"
THERMALDIFFUSIVITY,Thermophysical,Thermal diffusivity α = k/(ρ·cp) [m²/s],Yes,2,"src/evaluator.cpp — derived from k/(ρ·cp) in AD space"
# --- Thermophysical Functions: Surface ---,,,,,,
SURFACETENSION,Thermophysical,Surface tension [N/m],Yes,2,src/evaluator.cpp — CoolProp isurface_tension,
# --- Thermophysical Functions: Critical & Triple ---,,,,,,
T_CRIT,Thermophysical,Critical temperature [K],Yes,2,"src/evaluator.cpp — Props1SI(fluid,'Tcrit')"
P_CRIT,Thermophysical,Critical pressure [Pa],Yes,2,"src/evaluator.cpp — Props1SI(fluid,'Pcrit')"
V_CRIT,Thermophysical,Critical specific volume [m³/kg],Yes,2,"src/evaluator.cpp — 1/rhomass_critical"
T_TRIPLE,Thermophysical,Triple point temperature [K],Yes,2,"src/evaluator.cpp — Props1SI(fluid,'Ttriple')"
# --- Thermophysical Functions: Saturation ---,,,,,,
T_SAT,Thermophysical,Saturation temperature at given pressure,Yes,1,"src/evaluator.cpp, aliases: tsat",
P_SAT,Thermophysical,Saturation pressure at given temperature,Yes,1,"src/evaluator.cpp, aliases: psat",
T_MELTING,Thermophysical,Melting temperature at given pressure,Partial,3,Recognized in parser, limited CoolProp support
P_MELTING,Thermophysical,Melting pressure at given temperature,Partial,3,Recognized in parser,
P_SUBLIMATION,Thermophysical,Sublimation pressure at given temperature,Partial,3,Recognized in parser,
# --- Thermophysical Functions: Molar & Chemical ---,,,,,,
MOLARMASS,Thermophysical,Molar mass of fluid [kg/mol or g/mol],Yes,1,"src/evaluator.cpp, aliases: mm",
MOLARMASS_SOLN,Thermophysical,Molar mass of a solution,Partial,3,Recognized in parser,
ACENTRICFACTOR,Thermophysical,Acentric factor (Pitzer) (dimensionless),Partial,3,Recognized in parser, maps to CoolProp acentric
COMPRESSIBILITYFACTOR,Thermophysical,Compressibility factor Z = Pv/(RT),Yes,2,"src/evaluator.cpp — CoolProp iZ"
FUGACITY,Thermophysical,Fugacity [Pa],Partial,3,Recognized in parser,
ISENTROPICEXPONENT,Thermophysical,Isentropic exponent γ,Yes,2,"src/evaluator.cpp — CoolProp iisentropic_expansion_coefficient"
ISOTHERMALCOMPRESS,Thermophysical,Isothermal compressibility [1/Pa],Partial,3,Recognized in parser,
JOULETHOMSONCOEF,Thermophysical,Joule-Thomson coefficient [K/Pa],Partial,3,Recognized in parser,
VOLEXPCOEF,Thermophysical,Volume expansion coefficient [1/K],Partial,3,Recognized in parser,
DIPOLE,Thermophysical,Dipole moment [C·m],Partial,4,Recognized in parser,
# --- Thermophysical Functions: Energetic ---,,,,,,
ENTHALPY_FORMATION,Thermophysical,Enthalpy of formation [J/mol],Partial,3,Recognized in parser,
ENTHALPY_FUSION,Thermophysical,Enthalpy of fusion [J/kg],Partial,3,Recognized in parser,
ENTHALPY_VAPORIZATION,Thermophysical,Enthalpy of vaporization [J/kg],Partial,3,Recognized in parser,
HIGHERHEATINGVALUE,Thermophysical,Higher heating value [J/kg],Partial,3,Recognized in parser,
LOWERHEATINGVALUE,Thermophysical,Lower heating value [J/kg],Partial,3,Recognized in parser,
# --- Thermophysical Functions: Other ---,,,,,,
NORMALBOILINGPT,Thermophysical,Normal boiling point [K],Partial,3,Recognized in parser,
FREEZINGPT,Thermophysical,Freezing point [K],Partial,3,Recognized in parser,
GIBBSFREEENERGY,Thermophysical,Gibbs free energy [J/kg],Partial,3,Recognized in parser,
HELMHOLTZFREEENERGY,Thermophysical,Helmholtz free energy [J/kg],Partial,3,Recognized in parser, EES uses HelmholtzFreeEnergy
MASSFRACTION,Thermophysical,Mass fraction in mixture,Partial,3,Recognized in parser,
SATURATION%,Thermophysical,Saturation percentage,No,3,,
ISIDEALGAS,Thermophysical,Check if fluid is ideal gas (returns 0 or 1),No,3,,
IDEALGASTHERMOPROPS,Thermophysical,Force ideal gas property calculation,No,3,,
REALTHERMOPROPS,Thermophysical,Force real fluid property calculation,No,3,,
# --- Thermophysical Functions: Psychrometric ---,,,,,,
HUMRAT,Thermophysical,"Humidity ratio [kg_w/kg_da], requires 3 inputs",Yes,1,"src/evaluator.cpp — CoolProp HumidAir, aliases: w",
RELHUM,Thermophysical,"Relative humidity [0-1], requires 3 inputs",Yes,1,"src/evaluator.cpp, aliases: r",
WETBULB,Thermophysical,"Wet bulb temperature, requires 3 inputs",Yes,1,"src/evaluator.cpp, aliases: b",
DEWPOINT,Thermophysical,"Dew point temperature, requires 3 inputs",Yes,1,"src/evaluator.cpp, aliases: d",
PSYCHPROPS,Thermophysical,General psychrometric property function,Yes,2,"src/evaluator.cpp — built-in procedure (T,P,R inputs → 9 outputs)"
# --- Thermophysical Functions: Lennard-Jones ---,,,,,,
EK_LJ,Thermophysical,Lennard-Jones energy parameter ε/k [K],No,4,,
SIGMA_LJ,Thermophysical,Lennard-Jones size parameter σ [nm],No,4,,
# --- Thermophysical Functions: Solid/Material ---,,,,,,
Ductility,Thermophysical,Ductility of solid material,No,4,EES material property database,
YOUNGSMODULUS,Thermophysical,Young's modulus [Pa],No,4,Not in EES cnt.htm list but referenced,
POISSONSRATIO,Thermophysical,Poisson's ratio (dimensionless),No,4,,
UltimateStressComp,Thermophysical,Ultimate compressive stress [Pa],No,4,,
UltimateStressShear,Thermophysical,Ultimate shear stress [Pa],No,4,,
YieldStressShear,Thermophysical,Yield shear stress [Pa],No,4,,
ELECTRICALRESISTIVITY,Thermophysical,Electrical resistivity [Ω·m],No,4,,
EMISSIVITY_TOTHEMI,Thermophysical,Total hemispherical emissivity,No,4,,
HenryConstant_Water,Thermophysical,Henry's law constant for gas in water,No,4,,
# --- Fluid Categories ---,,,,,,
Real fluids — Water/Steam,Fluids,"Water, Steam, Steam_IAPWS, R718",Yes,1,"src/fluids.cpp — CoolProp HEOS backend, multiple aliases",
"Real fluids — Common refrigerants (R134a, R410A, R32, etc.)",Fluids,"R134a, R245fa, R22, R32, R404A, R407C, R410A, R507A, R600, R600a, R290, R717, R744",Yes,1,src/fluids.cpp — all map to CoolProp native names,
Real fluids — Extended refrigerants (R11-R1243zf),Fluids,"R11, R12, R13, R14, R23, R41, R113-R365mfc, R1233zd(E), R1234yf, R1234ze(E/Z), etc.",Yes,2,src/fluids.cpp — most CoolProp-supported refrigerants registered,
Real fluids — EES blend refrigerants,Fluids,"R407A, R410H, R417A, R422B/D, R423A, R424A, R427A, R428A, R438A, R448A-R480A, etc.",No,2,Many blends in EES not yet in CoolSolve's fluid registry,
Real fluids — Hydrocarbons,Fluids,"Methane, Ethane, Propane, n-Butane, n-Pentane through n-Dodecane, etc.",Yes,2,src/fluids.cpp — mapped to CoolProp,
Real fluids — Permanent gases,Fluids,"Nitrogen/N2, Oxygen/O2, Argon/Ar, Helium/He, Hydrogen/H2",Yes,1,src/fluids.cpp — both name and formula aliases,
Real fluids — Other organic,Fluids,"Acetone, Benzene, Toluene, EthylBenzene, DiethylEther, DimethylEther, etc.",Yes,2,src/fluids.cpp — CoolProp native,
Real fluids — Siloxanes,Fluids,"D4, D5, D6, MDM, MD2M, MD3M, MD4M, MM",Yes,3,src/fluids.cpp — niche ORC fluids,
Real fluids — Noble/rare gases,Fluids,"Xenon, Krypton, Neon",Yes,3,src/fluids.cpp,
Ideal gas substances,Fluids,"Air, N2, O2, H2, He, Ar, CO2, CO, CH4, C2H6, C3H8, H2O (low P)",Yes,1,"src/fluids.cpp — temperature-dependent Cp, h, s",
Humid air (AirH2O),Fluids,Moist air psychrometrics via CoolProp HumidAir module,Yes,1,"src/evaluator.cpp — special 3-input handling (T,P,W/R/D/B)",
Real air (Air_ha),Fluids,Dry air with real gas equation of state,Yes,2,src/fluids.cpp — CoolProp EOS for dry air,
STEAM_NBS,Fluids,"NBS/NRC steam tables (legacy EES), includes Ice",No,5,EES legacy steam formulation,
NH3H2O,Fluids,Ammonia-water mixture,Yes,2,"src/fluids.cpp — UnsupportedFluid with clear remediation (use REFPROP::Ammonia&Water)"
LiBrH2O,Fluids,Lithium bromide-water solution,Yes,2,"src/fluids.cpp — UnsupportedFluid with clear remediation; pure LiBr available",
"Incompressible substances (solids, brines)",Fluids,"Aluminum, Copper, brines, glycols (EthyleneGlycol, PropyleneGlycol, etc.)",Yes,2,"src/fluids.cpp — full incompressible fluid registry (pure + solutions)",
Combustion gases,Fluids,"CombustionGas_100/200/400, Natural_Gas, Natural_Gas2",No,3,EES specialized combustion module,
NASA thermodynamic data,Fluids,NASA CEA-format ideal gas and condensed species (hundreds),No,3,EES includes NASA Glenn database,
Sea water,Fluids,Sea water properties,No,3,EES specialized fluid,
"Solutions (glycols, brines)",Fluids,"EthyleneGlycol, PropyleneGlycol, CaCl2, LiCl-Water, etc.",Yes,2,"src/fluids.cpp — MEG/MPG/MCA/MNA/MLI/MMA/MEA/MGL with concentration via 2nd positional arg or C=..."
User-supplied property data,Fluids,"User-provided .idg, .mhe, .fld files",No,3,EES allows custom fluid data files,
EES_REFPROP interface,Fluids,Direct REFPROP DLL integration for high-accuracy data,No,3,EES can call NIST REFPROP, CoolSolve uses CoolProp
# --- $ Directives ---,,,,,,
$UnitSystem,Directives,"Set unit system: $UnitSystem SI C Pa J (or Eng, kJ, bar, etc.)",Partial,5,Parser recognizes it, partial semantic handling in units.cpp
$IF / $IFNOT / $ENDIF,Directives,Conditional compilation ($IF DirectiveFlag ... $ENDIF),Yes,1,src/parser.cpp — preprocessor-style conditional blocks,
$ELSE,Directives,Else branch of $IF/$IFNOT conditional,Yes,1,src/parser.cpp,
$Bookmark,Directives,Insert a bookmark marker (GUI navigation aid),Yes,2,src/parser.cpp — parsed and stored,
$CheckUnits,Directives,Enable/disable automatic unit checking,No,3,to be implemented in the coolsolve config as well, ON/OFF/AutoOn/AutoOff
$AutoSetUnits,Directives,Automatically assign units to variables,No,3,to be implemented in the coolsolve config as well,
$AUTOSETARRAYUNITS,Directives,Automatically assign units to array variables,No,3,,
$DefineUnits,Directives,Define custom unit conversion,No,3,,
$ConvertEESREFPROPUnits,Directives,Convert between EES and REFPROP unit conventions,No,4,,
$Common,Directives,Share variables between main and modules/subprograms,No,5,,
$Private,Directives,Hide variables from Solutions/variable list,No,3,,
$Real,Directives,Force variable to be real (disable complex),No,3,,
$DOLAST / $ENDDOLAST,Directives,Equations in $DOLAST block solved after main system,No,4,Common for post-processing calculations,
$Recompile,Directives,Force recompilation,No,4,,
$Arrays ON/OFF,Directives,Show/hide arrays in Solutions window,No,3,EES display control,
$Complex ON/OFF,Directives,Enable/disable complex number support,No,3,,
$Font,Directives,Set display font,No,5,EES GUI-specific,
$HideWindow,Directives,Hide a named EES window,No,5,EES GUI-specific,
$ShowWindow,Directives,Show a named EES window,No,5,EES GUI-specific,
$DiagramUpdate ON/OFF,Directives,Control Diagram window auto-update,No,5,EES GUI-specific,
$Syntax,Directives,Set syntax highlighting style,No,5,EES GUI-specific,
$Tabstops,Directives,Set tab stop positions,No,5,EES GUI-specific,
$Tabwidth,Directives,Set tab width,No,5,EES GUI-specific,
$Trace,Directives,Enable/disable iteration tracing,No,3,Debugging aid,
$Warnings ON/OFF,Directives,Enable/disable warning messages,No,3,,
$SumRow ON/OFF,Directives,Show/hide sum row in tables,No,4,EES table feature,
$VarInfo,Directives,"Set variable info (guess, bounds, units)",No,4,"Very common: $VarInfo var [lower,upper] guess 'units'",
$DefaultVarInfo,Directives,Set default variable info for all variables,No,4,,
$SaveVarInfo,Directives,Save variable info to file,No,4,,
$DefaultArraySize,Directives,Set default array size,No,5,,
$UpdateGuesses,Directives,Update variable guesses from current solution,No,3,,
$StopCriteria,Directives,Set convergence stopping criteria,No,5,Maps to SolverOptions in solver.h,
$MaxCalls,Directives,Set maximum function calls,No,3,,
$Export,Directives,Export data to file,No,3,,
$ExportPlot,Directives,Export a plot to image file,No,5,EES GUI-specific,
$ExportText,Directives,Export equations as text,No,4,,
$Import,Directives,Import data from file,No,3,,
$ImportText,Directives,Import text data,No,3,,
$Include,Directives,Include external EES library file,No,4,File inclusion system,
$Input,Directives,Interactive input prompt,No,3,,
$Load,Directives,Load external function/procedure library,No,3,,
$Unload,Directives,Unload external library,No,4,,
$InsertTab,Directives,Insert a new tab,No,4,EES GUI-specific,
$Keyboard US/EU,Directives,Set keyboard layout for decimal separator,No,4,,
$ClearLookup,Directives,Clear a Lookup table,No,3,Requires Lookup table support,
$ClearParametric,Directives,Clear a Parametric table,No,3,,
$OpenLookup,Directives,Open a Lookup table from file,No,3,,
$SaveLookup,Directives,Save Lookup table to file,No,3,,
$SaveTable,Directives,Save any table to file,No,3,,
$CopyToLookup,Directives,Copy data to Lookup table,No,3,,
$IntegralTable,Directives,Create Integral table for time-stepping,No,4,Used with INTEGRAL function,
$IntegralAutoStep,Directives,Auto-step control for integration,No,4,,
$IntegralStop,Directives,Stop condition for integration,No,4,,
$NewPlot,Directives,Create a new plot window,No,4,EES GUI-specific,
$OverlayPlot,Directives,Overlay data on existing plot,No,4,,
$PropertyPlot,Directives,Create a thermodynamic property plot (T-s/P-h/etc.),No,3,Useful but GUI-dependent,
$ModifyAxis,Directives,Modify plot axis properties,No,5,EES GUI-specific,
$ModifyPlot,Directives,Modify plot properties,No,5,EES GUI-specific,
$VectorPlot / $VectorPlot2D,Directives,Create vector field plot,No,5,EES GUI-specific,
$Python,Directives,Execute Python code,No,4,EES-specific Python bridge,
$Reference,Directives,Set reference state for a fluid,No,5,Maps to CoolSolve's reference state offset system,
$RequiredOutputs,Directives,Specify required output variables,No,3,,
$RunMacroAfter,Directives,Run macro after calculation,No,5,EES macro system,
$RunMacroBefore,Directives,Run macro before calculation,No,5,EES macro system,
$DefaultDirectory,Directives,Set default file directory,No,4,,
$Allow,Directives,Allow specific syntax (e.g. $Allow '//' for C-style comments),No,3,CoolSolve allows // by default,
# --- Built-in Constants ---,,,,,,
pi / PI,Constants,"Pi (3.14159265358979323846), no # suffix",Yes,1,src/constants.cpp,
g#,Constants,Standard gravitational acceleration (9.80665 m/s²),Yes,1,src/constants.cpp,
R#,Constants,Universal gas constant (8314.462618 J/(kmol·K)),Yes,1,src/constants.cpp,
k#,Constants,Boltzmann constant (1.380649e-23 J/K),Yes,1,src/constants.cpp,
sigma#,Constants,Stefan-Boltzmann constant (5.670374419e-8 W/(m²·K⁴)),Yes,1,src/constants.cpp,
Po#,Constants,Standard atmospheric pressure (101325 Pa),Yes,1,src/constants.cpp,
To#,Constants,Standard temperature (298.15 K = 25°C),Yes,1,src/constants.cpp,
c#,Constants,Speed of light in vacuum (299792458 m/s),Yes,1,src/constants.cpp,
h#,Constants,Planck constant (6.62607015e-34 J·s),Yes,1,src/constants.cpp,
e#,Constants,Elementary charge (1.602176634e-19 C),Yes,1,src/constants.cpp,
me#,Constants,Electron mass (9.10938356e-31 kg),Yes,1,src/constants.cpp,
mp#,Constants,Proton mass (1.6726219e-27 kg),Yes,1,src/constants.cpp,
mn#,Constants,Neutron mass (1.674927471e-27 kg),Yes,1,src/constants.cpp,
NA# / Avogadro#,Constants,Avogadro constant (6.02214076e23 1/mol),Yes,1,src/constants.cpp — two aliases,
$Constant,Constants,User-defined constant via directive,No,4,EES allows defining custom constants,
# --- Solver Features ---,,,,,,
Newton-Raphson,Solver,Newton's method with analytic Jacobian (AD),Yes,1,src/solver_newton.cpp — forward-mode autodiff Jacobian,
Trust Region,Solver,Trust-region method for globalization,Yes,1,src/solver_trustregion.cpp,
Levenberg-Marquardt,Solver,Damped least-squares solver,Yes,1,src/solver_lm.cpp,
BisectionND,Solver,N-dimensional bisection fallback,Yes,2,src/solver_bisection.cpp,
Homotopy,Solver,Continuation/homotopy method,Yes,2,src/solver_homotopy.cpp,
Partitioned solving,Solver,"Block decomposition (Hopcroft-Karp + Tarjan SCC), tearing",Yes,1,src/solver_partitioned.cpp — automatically decomposes system,
Sequential fallback pipeline,Solver,Automatic fallback: Newton→TrustRegion→LM→Bisection→Homotopy→Partitioned,Yes,1,solver.h — SolverOptions::strategies vector,
Monotone line search,Solver,Armijo backtracking line search,Yes,1,Used in Newton solver,
Non-monotone line search,Solver,Relaxed line search for non-monotone convergence,Yes,2,,
Symbolic reduction,Solver,Reduce system by substituting trivially solved variables,Yes,1,Structural analysis phase,
Variable bounds,Solver,Lower/upper bounds on variables during iteration,Yes,1,SolverOptions struct,
Convergence tolerance,Solver,Configurable tolerance (default 1e-9),Yes,1,SolverOptions::tolerance,
Max iterations,Solver,Configurable max iterations (default 100),Yes,1,SolverOptions::maxIterations,
Min/Max (optimization),Solver,Single-variable and multi-variable optimization,No,3,EES Calculate menu: Min/Max,
Uncertainty propagation,Solver,Automatic uncertainty propagation analysis,No,4,EES Calculate menu: Uncertainty Propagation,
